{"cameraMode":{"drawMode":0,"name":"Shaded","section":"Shading Mode"},"sceneLighting":false,"audioPlay":false,"sceneViewState":{"showFog":true,"showMaterialUpdate":false,"showSkybox":false,"showFlares":true,"showImageEffects":true,"showParticleSystems":true},"in2DMode":false,"pivot":{"x":1.7881393432617188e-7,"y":0.925035834312439,"z":0.05089416354894638},"rotation":{"x":-0.031025642529129983,"y":0.9565035700798035,"z":-0.26813146471977236,"w":-0.1106782853603363},"size":4.314043998718262,"orthographic":false}