{"cameraMode":{"drawMode":0,"name":"Shaded","section":"Shading Mode"},"sceneLighting":true,"audioPlay":false,"sceneViewState":{"showFog":true,"showMaterialUpdate":false,"showSkybox":true,"showFlares":true,"showImageEffects":true,"showParticleSystems":true},"in2DMode":false,"pivot":{"x":18.299896240234376,"y":25.0000057220459,"z":39.24428939819336},"rotation":{"x":0.005118572153151035,"y":-0.9258704781532288,"z":0.37767496705055239,"w":0.012607725337147713},"size":15.903068542480469,"orthographic":false}